Landmark_0,Landmark_1,Landmark_2,Landmark_3,Landmark_4,Landmark_5,Landmark_6,Landmark_7,Landmark_8,Landmark_9,Landmark_10,Landmark_11,Landmark_12,Landmark_13,Landmark_14,Landmark_15,Landmark_16,Landmark_17,Landmark_18,Landmark_19,Landmark_20,Landmark_21,Landmark_22,Landmark_23,Landmark_24,Landmark_25,Landmark_26,Landmark_27,Landmark_28,Landmark_29,Landmark_30,Landmark_31,Landmark_32,Landmark_33,Landmark_34,Landmark_35,Landmark_36,Landmark_37,Landmark_38,Landmark_39,Landmark_40,Landmark_41
0.7162457704544067,0.6897997856140137,0.6350368857383728,0.5871235132217407,0.5558314323425293,0.5239949226379395,0.4492756724357605,0.4038889408111572,0.361821711063385,0.5127670168876648,0.42820262908935547,0.37669992446899414,0.3325643539428711,0.5211947560310364,0.44356581568717957,0.39546018838882446,0.3530229926109314,0.5448833107948303,0.48727941513061523,0.4503434896469116,0.4139288067817688,0.40474292635917664,0.4626166820526123,0.5091307163238525,0.5460081100463867,0.576249897480011,0.4662102460861206,0.4785797595977783,0.4831860065460205,0.4846777021884918,0.4284353256225586,0.4316302537918091,0.4335428476333618,0.43236902356147766,0.39254018664360046,0.384245365858078,0.3781094551086426,0.3717261850833893,0.3585231900215149,0.34129276871681213,0.3294309079647064,0.3197072446346283
0.7070382833480835,0.6799124479293823,0.6234816312789917,0.5752782225608826,0.5442611575126648,0.5142582058906555,0.43990328907966614,0.3950999975204468,0.35347121953964233,0.5031036138534546,0.4197530746459961,0.3688855767250061,0.3249843120574951,0.5113019347190857,0.43487221002578735,0.38750147819519043,0.34547287225723267,0.5345242023468018,0.4773229658603668,0.44049352407455444,0.40397804975509644,0.40492379665374756,0.4633098542690277,0.5100523829460144,0.5467962622642517,0.5764462947845459,0.46685436367988586,0.47866156697273254,0.48298192024230957,0.4844096899032593,0.4298256039619446,0.43271538615226746,0.43441474437713623,0.43309256434440613,0.3944892883300781,0.38552817702293396,0.37938985228538513,0.372933566570282,0.36078327894210815,0.3436530530452728,0.3318409323692322,0.32203665375709534
0.7006714344024658,0.6748859286308289,0.6193952560424805,0.5711879134178162,0.5399612784385681,0.510748565196991,0.4367560148239136,0.3921038508415222,0.35056430101394653,0.4989554286003113,0.4161289930343628,0.3653004765510559,0.3215269446372986,0.5064489245414734,0.4304257333278656,0.3835048973560333,0.34214577078819275,0.5290064811706543,0.47162702679634094,0.4343392550945282,0.3972201645374298,0.4070177972316742,0.46506524085998535,0.5117878913879395,0.548869252204895,0.578792929649353,0.46922048926353455,0.4808094799518585,0.4851330816745758,0.4867730438709259,0.4326108396053314,0.4355365037918091,0.43757814168930054,0.4368045926094055,0.3977426290512085,0.3881930410861969,0.3825366199016571,0.37706002593040466,0.3645011782646179,0.3463832437992096,0.3344199061393738,0.3249921202659607
0.6978983283042908,0.6723841428756714,0.6188231110572815,0.5716198682785034,0.5408971905708313,0.5096932649612427,0.43588319420814514,0.39109402894973755,0.34969955682754517,0.4977732002735138,0.41453707218170166,0.3636106848716736,0.32038456201553345,0.5049009323120117,0.4287237823009491,0.38174551725387573,0.34059470891952515,0.5269608497619629,0.47011151909828186,0.43299922347068787,0.39635783433914185,0.410932719707489,0.46917691826820374,0.5155749320983887,0.5524592995643616,0.5817109942436218,0.4729014039039612,0.48595187067985535,0.4906267821788788,0.492263525724411,0.43636399507522583,0.4400652348995209,0.4423885941505432,0.44165918231010437,0.4013546109199524,0.3924517333507538,0.38724154233932495,0.382146954536438,0.36801964044570923,0.3507128059864044,0.3395844101905823,0.33109527826309204
0.701298177242279,0.6751554608345032,0.6211766600608826,0.5738727450370789,0.5433726906776428,0.5114433765411377,0.4380970895290375,0.39360421895980835,0.35223275423049927,0.4993409514427185,0.41665709018707275,0.3662101924419403,0.32282423973083496,0.5067076683044434,0.43094611167907715,0.3845730125904083,0.3436867892742157,0.5292544364929199,0.47270965576171875,0.43616628646850586,0.4002698063850403,0.40844666957855225,0.4668267071247101,0.5133386850357056,0.550041139125824,0.5794699192047119,0.4705008268356323,0.48329663276672363,0.48817890882492065,0.49001920223236084,0.4337403178215027,0.4374857544898987,0.43960893154144287,0.43862321972846985,0.39869657158851624,0.39048483967781067,0.3851563036441803,0.37958860397338867,0.36553701758384705,0.34846773743629456,0.3369636535644531,0.327673077583313
0.7008780241012573,0.6746256947517395,0.6192826628684998,0.5722612738609314,0.5427213311195374,0.5111809968948364,0.4379100799560547,0.3934006690979004,0.352033406496048,0.4995171129703522,0.41728925704956055,0.3666968047618866,0.32302629947662354,0.5068292021751404,0.43119126558303833,0.38474899530410767,0.3436869978904724,0.5289287567138672,0.47212544083595276,0.43538179993629456,0.3990333676338196,0.4087091088294983,0.4664221704006195,0.512504518032074,0.5494930744171143,0.5793451070785522,0.47059500217437744,0.4830388128757477,0.487663209438324,0.4893530011177063,0.43400469422340393,0.43740206956863403,0.43967363238334656,0.4389600455760956,0.39913100004196167,0.3906455338001251,0.38531145453453064,0.37987208366394043,0.3659316599369049,0.34870409965515137,0.33728349208831787,0.328220397233963
0.7012033462524414,0.6752785444259644,0.6212875247001648,0.5743721723556519,0.544158935546875,0.511915385723114,0.43829843401908875,0.3936064839363098,0.35222387313842773,0.5001997351646423,0.41764265298843384,0.3669150471687317,0.32358184456825256,0.5076646208763123,0.4320645332336426,0.3853471279144287,0.34438562393188477,0.5302066206932068,0.47385430335998535,0.4368765652179718,0.4003413915634155,0.4093966782093048,0.46704649925231934,0.5137386322021484,0.5503722429275513,0.579750657081604,0.47098594903945923,0.483805388212204,0.4885174036026001,0.49021854996681213,0.43445706367492676,0.43792420625686646,0.4399666488170624,0.4389832317829132,0.39979103207588196,0.39090588688850403,0.3856748938560486,0.3804031014442444,0.3669700026512146,0.3492031991481781,0.3376147150993347,0.32858607172966003
0.6990674734115601,0.6733525395393372,0.6199026107788086,0.5728880763053894,0.5417538285255432,0.5114675760269165,0.43805164098739624,0.39369428157806396,0.35251158475875854,0.49973389506340027,0.4172007739543915,0.36714279651641846,0.32424867153167725,0.5070604085922241,0.43137937784194946,0.3847450017929077,0.34343013167381287,0.5292242169380188,0.4725992679595947,0.4361787736415863,0.40022918581962585,0.4100988805294037,0.468116819858551,0.5145230293273926,0.5515221357345581,0.5808799862861633,0.4719529449939728,0.4848003387451172,0.4895831346511841,0.4912896752357483,0.43525946140289307,0.43886932730674744,0.4409683048725128,0.43980929255485535,0.40038689970970154,0.3921082019805908,0.38648805022239685,0.38062065839767456,0.36742037534713745,0.35021811723709106,0.3385225534439087,0.32909438014030457
0.701198399066925,0.6753156781196594,0.6212621927261353,0.5742642879486084,0.5443088412284851,0.5115265846252441,0.4381771385669708,0.39360353350639343,0.35223957896232605,0.49974462389945984,0.4174065887928009,0.36662495136260986,0.3230981230735779,0.507266104221344,0.43199291825294495,0.3855912685394287,0.3448044955730438,0.5297753214836121,0.47320756316185,0.43618902564048767,0.3997044861316681,0.40993231534957886,0.4679774045944214,0.5142008066177368,0.5505393743515015,0.5799148082733154,0.47128018736839294,0.48420774936676025,0.489082396030426,0.49096065759658813,0.43461281061172485,0.4380868375301361,0.4402742385864258,0.4393993616104126,0.39987707138061523,0.39104020595550537,0.38598498702049255,0.38078224658966064,0.3671693503856659,0.3498402237892151,0.33852121233940125,0.32959404587745667
0.7000168561935425,0.6732801198959351,0.6200229525566101,0.5737424492835999,0.5440549850463867,0.5113788843154907,0.4381108582019806,0.3936311602592468,0.35233160853385925,0.5000724196434021,0.41743314266204834,0.36670124530792236,0.3233048915863037,0.5078944563865662,0.431964635848999,0.3851923942565918,0.34403494000434875,0.5305945873260498,0.4734276235103607,0.4363579750061035,0.39964109659194946,0.4126793146133423,0.47027072310447693,0.5158687233924866,0.5519057512283325,0.581229567527771,0.4724072813987732,0.4848873019218445,0.48963242769241333,0.4913639426231384,0.435711532831192,0.4392915368080139,0.44140854477882385,0.44058719277381897,0.4007934629917145,0.3920978605747223,0.38680607080459595,0.38150542974472046,0.36777377128601074,0.35078486800193787,0.3395159840583801,0.33063164353370667
0.6994383335113525,0.673362135887146,0.6195576786994934,0.5724364519119263,0.5425355434417725,0.5100153684616089,0.4365577697753906,0.3921400010585785,0.3508662283420563,0.4986381530761719,0.41621580719947815,0.3654112219810486,0.321950763463974,0.5063537359237671,0.43082165718078613,0.38372206687927246,0.342009037733078,0.528792679309845,0.47204723954200745,0.43490520119667053,0.39797937870025635,0.414051353931427,0.4725896418094635,0.5186173915863037,0.5547729134559631,0.5845215916633606,0.47505685687065125,0.48776349425315857,0.4923957288265228,0.4941105544567108,0.4385998845100403,0.4420371651649475,0.44421517848968506,0.44341790676116943,0.4039141833782196,0.3949942886829376,0.3897625803947449,0.38457316160202026,0.3709683120250702,0.3537740707397461,0.3424850404262543,0.333734929561615
0.6985957622528076,0.6729230284690857,0.619821310043335,0.5729092359542847,0.543009340763092,0.5093733668327332,0.43637415766716003,0.3921613097190857,0.351112961769104,0.4980294108390808,0.41582047939300537,0.3654326796531677,0.3222249150276184,0.5058749914169312,0.4305899739265442,0.3840636610984802,0.3429037928581238,0.5286276340484619,0.4723100960254669,0.43554919958114624,0.39912667870521545,0.41431066393852234,0.472493052482605,0.518471896648407,0.5548629760742188,0.5841580629348755,0.4751688241958618,0.4880658686161041,0.4927160441875458,0.4944174885749817,0.43851327896118164,0.4420776069164276,0.44424834847450256,0.44343101978302,0.4038010239601135,0.3953858017921448,0.3901402950286865,0.3847903609275818,0.3708653450012207,0.3540724217891693,0.3430284261703491,0.33435797691345215
0.6983321309089661,0.6715090870857239,0.617609441280365,0.5708693265914917,0.5414946675300598,0.5090411901473999,0.4358702600002289,0.39176809787750244,0.35074228048324585,0.49775269627571106,0.41516101360321045,0.36478376388549805,0.3215329051017761,0.5054773688316345,0.42965424060821533,0.38299912214279175,0.341689795255661,0.528102457523346,0.47102728486061096,0.43419548869132996,0.3977985382080078,0.4148334562778473,0.4732269048690796,0.5191821455955505,0.555290937423706,0.5844054222106934,0.4755512475967407,0.48824405670166016,0.49277976155281067,0.49431341886520386,0.43872907757759094,0.4423316419124603,0.444494366645813,0.443612664937973,0.4038306772708893,0.39534512162208557,0.3901001214981079,0.3847348093986511,0.3708965480327606,0.3541452884674072,0.34313464164733887,0.3345169126987457
0.6973789930343628,0.6708260178565979,0.6172592043876648,0.5706414580345154,0.5414199829101562,0.5088708996772766,0.4359632730484009,0.3917781710624695,0.3507803678512573,0.4975030720233917,0.41518542170524597,0.36474937200546265,0.321553111076355,0.5050997734069824,0.429781973361969,0.38335055112838745,0.34244975447654724,0.5275583267211914,0.4710536003112793,0.43431201577186584,0.3980180621147156,0.4153892397880554,0.4731901288032532,0.5187525749206543,0.554808497428894,0.5839754939079285,0.47531625628471375,0.4882757365703583,0.49311476945877075,0.49497175216674805,0.438898503780365,0.4424772262573242,0.4446496069431305,0.443853497505188,0.40438684821128845,0.39569520950317383,0.39050546288490295,0.3852129876613617,0.3717150390148163,0.35468700528144836,0.3434446454048157,0.3345186114311218
0.6968212723731995,0.6703112125396729,0.6166644096374512,0.5696693062782288,0.5398287177085876,0.5085742473602295,0.43539321422576904,0.39111828804016113,0.3501428961753845,0.49716290831565857,0.4147811532020569,0.36421799659729004,0.32094818353652954,0.5046075582504272,0.4291139245033264,0.38250961899757385,0.3414044976234436,0.5267980098724365,0.4699200391769409,0.43320387601852417,0.3969227075576782,0.4154756963253021,0.47356978058815,0.5192787647247314,0.5554670691490173,0.5848624110221863,0.4758046865463257,0.4882151782512665,0.4930207431316376,0.4950658679008484,0.4393935799598694,0.4426015317440033,0.4448104798793793,0.44419729709625244,0.4047774076461792,0.39594486355781555,0.39055153727531433,0.38520997762680054,0.3719366192817688,0.35489389300346375,0.3435724377632141,0.3345736861228943
0.697557270526886,0.6711452603340149,0.617112934589386,0.5701382160186768,0.5404191613197327,0.5086917877197266,0.4355974793434143,0.3913077116012573,0.3501080274581909,0.4973245859146118,0.4148046672344208,0.3642262816429138,0.3206992447376251,0.5049830079078674,0.42939239740371704,0.3828693628311157,0.3416847586631775,0.5275723338127136,0.4702039957046509,0.43319380283355713,0.39649498462677,0.4162394404411316,0.4739081561565399,0.5196399688720703,0.5557422637939453,0.5851588249206543,0.4764437973499298,0.48927658796310425,0.49397608637809753,0.49562156200408936,0.43986257910728455,0.4434233605861664,0.4456700086593628,0.44483909010887146,0.40514546632766724,0.3965103328227997,0.3912484049797058,0.3858271837234497,0.37216293811798096,0.3552004098892212,0.3440619111061096,0.33527523279190063
0.6973059177398682,0.6713715195655823,0.6175462603569031,0.5704706907272339,0.54111647605896,0.5094140768051147,0.4368489682674408,0.39258384704589844,0.3514325022697449,0.49752911925315857,0.41522321105003357,0.36452096700668335,0.32092565298080444,0.5049338936805725,0.4293729066848755,0.3829825520515442,0.34193938970565796,0.5274546146392822,0.4696195423603058,0.43242162466049194,0.39539259672164917,0.41669386625289917,0.47497066855430603,0.520855188369751,0.5569377541542053,0.5866738557815552,0.4773660898208618,0.490055114030838,0.4952506124973297,0.4976871609687805,0.4411560893058777,0.4444541037082672,0.44666266441345215,0.4461825489997864,0.4066590368747711,0.3975704610347748,0.39225104451179504,0.3870522379875183,0.3737278878688812,0.35649266839027405,0.34510788321495056,0.33614030480384827
0.6966848373413086,0.6709115505218506,0.6172216534614563,0.5701616406440735,0.5407266616821289,0.5090321898460388,0.43609076738357544,0.3921588957309723,0.3513432443141937,0.497638076543808,0.41530463099479675,0.3649168610572815,0.3216418921947479,0.5050758123397827,0.42967602610588074,0.3832515478134155,0.34228187799453735,0.527099609375,0.46968215703964233,0.4326859712600708,0.3958655893802643,0.4172411262989044,0.47563546895980835,0.5216319561004639,0.5580421686172485,0.5879538655281067,0.47854262590408325,0.49127906560897827,0.49632537364959717,0.4985709488391876,0.442165732383728,0.44576001167297363,0.4480597674846649,0.4474773705005646,0.407510370016098,0.3989574909210205,0.3934904634952545,0.3879913091659546,0.3743835985660553,0.3578285872936249,0.346665620803833,0.3378286063671112
0.6975436210632324,0.6721928119659424,0.6185932755470276,0.5716974139213562,0.5424502491950989,0.5099300146102905,0.43727463483810425,0.39333587884902954,0.3525031507015228,0.49838367104530334,0.41638079285621643,0.36580100655555725,0.322165846824646,0.5055471062660217,0.4306091070175171,0.38393086194992065,0.34253084659576416,0.5272831320762634,0.4699021577835083,0.43255287408828735,0.3952515721321106,0.4182951748371124,0.47683456540107727,0.5228704810142517,0.5590986013412476,0.5887483358383179,0.480346143245697,0.49315130710601807,0.4986383318901062,0.5014514923095703,0.4443874955177307,0.4481693506240845,0.4507065415382385,0.45063239336013794,0.40998366475105286,0.4014135003089905,0.3966061472892761,0.39204293489456177,0.37696412205696106,0.3602452576160431,0.34943604469299316,0.3412354588508606
0.6974056959152222,0.6720824837684631,0.6187371015548706,0.5733530521392822,0.5453974604606628,0.5104749202728271,0.43887344002723694,0.39517518877983093,0.3554604649543762,0.49883753061294556,0.41665908694267273,0.36606746912002563,0.323164701461792,0.5060434937477112,0.43020111322402954,0.38354623317718506,0.3428632616996765,0.5277574062347412,0.46974754333496094,0.43165478110313416,0.39441928267478943,0.42220500111579895,0.4822632372379303,0.5287215709686279,0.5648096799850464,0.5952444672584534,0.4852873682975769,0.49952828884124756,0.5063875317573547,0.5103599429130554,0.45008784532546997,0.4547402262687683,0.45715096592903137,0.45677536725997925,0.41619235277175903,0.4091259837150574,0.40575075149536133,0.4023621678352356,0.38310712575912476,0.3666435182094574,0.35568833351135254,0.34721481800079346
0.6939048767089844,0.670793354511261,0.6204066872596741,0.577351987361908,0.5524983406066895,0.5094919800758362,0.43971890211105347,0.397258460521698,0.35883381962776184,0.4972648024559021,0.41585779190063477,0.36658981442451477,0.3249852657318115,0.5029723644256592,0.4266432523727417,0.3805394768714905,0.34181517362594604,0.5229451060295105,0.4653470516204834,0.4275122284889221,0.3917778730392456,0.4349904954433441,0.4938296675682068,0.5417453646659851,0.5787323117256165,0.6105567812919617,0.5003618001937866,0.5149533152580261,0.5217524170875549,0.5259093642234802,0.46498069167137146,0.4708832800388336,0.47435858845710754,0.47491636872291565,0.43065449595451355,0.42464953660964966,0.42202624678611755,0.4192432165145874,0.39733487367630005,0.3815692961215973,0.37174952030181885,0.3640930950641632
0.6934893131256104,0.6721992492675781,0.6224954128265381,0.5793002843856812,0.5557050108909607,0.5130933523178101,0.4435282349586487,0.4002535343170166,0.36109352111816406,0.49835115671157837,0.4157700538635254,0.36639654636383057,0.32507383823394775,0.5023349523544312,0.4250216782093048,0.37878596782684326,0.3400617241859436,0.5212612748146057,0.46267592906951904,0.4246339797973633,0.38887450098991394,0.44159817695617676,0.500659167766571,0.549207329750061,0.5863432884216309,0.6176045536994934,0.5097371935844421,0.5263572931289673,0.5342951416969299,0.5392457246780396,0.4748215973377228,0.48142489790916443,0.4846488833427429,0.4852601885795593,0.44072961807250977,0.43630117177963257,0.4342201352119446,0.4319287836551666,0.40722382068634033,0.3922714591026306,0.382713258266449,0.37520909309387207
0.6851817965507507,0.6687078475952148,0.6226745843887329,0.5827343463897705,0.5632631778717041,0.5107924342155457,0.4426976144313812,0.4013901948928833,0.36356502771377563,0.49541163444519043,0.41477057337760925,0.36681580543518066,0.3265594244003296,0.4977878928184509,0.42156192660331726,0.37638625502586365,0.3392632007598877,0.5147004723548889,0.4571661353111267,0.41930145025253296,0.38397324085235596,0.46417200565338135,0.5227084755897522,0.5722954273223877,0.6112223863601685,0.6434268951416016,0.5355231165885925,0.5538837909698486,0.5624537467956543,0.5675377249717712,0.49936941266059875,0.5065253376960754,0.510922372341156,0.5124821662902832,0.4647510349750519,0.46055591106414795,0.458879679441452,0.45693111419677734,0.43176570534706116,0.4176119267940521,0.40838563442230225,0.4011775553226471
0.6787009835243225,0.6666803359985352,0.6270033717155457,0.5893147587776184,0.5669723153114319,0.5094883441925049,0.4432187080383301,0.4039170742034912,0.3674349784851074,0.49329644441604614,0.41494378447532654,0.3683948516845703,0.32807743549346924,0.4949386715888977,0.41984105110168457,0.37581950426101685,0.33859899640083313,0.5104656219482422,0.45204368233680725,0.41417813301086426,0.377999484539032,0.4891987442970276,0.5462694764137268,0.5964084267616272,0.6355529427528381,0.6664934754371643,0.5634762048721313,0.5820304751396179,0.5921152234077454,0.599554181098938,0.527789831161499,0.5370784997940063,0.5433217883110046,0.5474739074707031,0.4928956627845764,0.49251866340637207,0.4924491345882416,0.49239569902420044,0.45892220735549927,0.44787007570266724,0.44040510058403015,0.43455004692077637
0.6752970218658447,0.6635814309120178,0.6260720491409302,0.5939282178878784,0.5782684683799744,0.5112375020980835,0.4462234675884247,0.40699058771133423,0.3716295659542084,0.4928305745124817,0.414156436920166,0.36880362033843994,0.3297802805900574,0.49230626225471497,0.41782087087631226,0.37483251094818115,0.33835816383361816,0.5061061978340149,0.4486059844493866,0.4114914536476135,0.3758746385574341,0.509372889995575,0.5633010268211365,0.6140934824943542,0.6594861149787903,0.6971868872642517,0.5909571647644043,0.6106538772583008,0.621273934841156,0.6295977830886841,0.556102991104126,0.5653749108314514,0.5717414617538452,0.5762908458709717,0.5214369893074036,0.5221605896949768,0.5225997567176819,0.5235989093780518,0.48742008209228516,0.47782593965530396,0.47095996141433716,0.4657667279243469
0.6758118867874146,0.6653872728347778,0.6292084455490112,0.5967154502868652,0.578484833240509,0.5124666094779968,0.44902148842811584,0.40955597162246704,0.3737017512321472,0.49291399121284485,0.4152364432811737,0.3694002032279968,0.3308364152908325,0.4911928176879883,0.41739922761917114,0.3734533488750458,0.33652806282043457,0.5039020776748657,0.44673290848731995,0.4095839262008667,0.37515509128570557,0.5203644633293152,0.5759371519088745,0.6271764636039734,0.6714168190956116,0.7077914476394653,0.6014457941055298,0.6250404715538025,0.6367462277412415,0.6455358862876892,0.5682563185691833,0.5809540152549744,0.5879733562469482,0.5923864245414734,0.5346068739891052,0.5376971960067749,0.538802444934845,0.5398836135864258,0.5003867149353027,0.49125349521636963,0.484194278717041,0.47902846336364746
0.6737043857574463,0.6629053354263306,0.6273888945579529,0.5959912538528442,0.5754578709602356,0.5116914510726929,0.4489552974700928,0.4096146523952484,0.3732588291168213,0.49134397506713867,0.41481658816337585,0.36912769079208374,0.3300809860229492,0.4887717366218567,0.41478484869003296,0.37042146921157837,0.3326355516910553,0.5004854798316956,0.4438360333442688,0.40684401988983154,0.37234580516815186,0.5344176888465881,0.590027928352356,0.6419631242752075,0.6863952875137329,0.7216647863388062,0.6170036792755127,0.6426360607147217,0.6557630896568298,0.6654360294342041,0.584378719329834,0.5983471274375916,0.6060584783554077,0.6105154752731323,0.5505692958831787,0.5539091229438782,0.5560812950134277,0.5579001307487488,0.5164787769317627,0.5077880024909973,0.5023384094238281,0.49890077114105225
0.668555498123169,0.6589809656143188,0.6248375177383423,0.5935636162757874,0.5739124417304993,0.5084722638130188,0.4433076083660126,0.40363791584968567,0.36683645844459534,0.48829835653305054,0.4106309711933136,0.3649209141731262,0.3259872794151306,0.48619982600212097,0.4130561947822571,0.3692286014556885,0.33197104930877686,0.49815019965171814,0.44085484743118286,0.40340304374694824,0.3684254288673401,0.5375109910964966,0.5961721539497375,0.6500367522239685,0.6925556659698486,0.7261018753051758,0.6250829100608826,0.6491879820823669,0.6608151197433472,0.6695281267166138,0.591491162776947,0.6048908233642578,0.6126746535301208,0.6172770857810974,0.5574291944503784,0.560147762298584,0.5615285038948059,0.5625196695327759,0.523175060749054,0.5147844552993774,0.5090370774269104,0.5055949091911316
0.6668448448181152,0.6598011255264282,0.6254782676696777,0.5918956995010376,0.5712254047393799,0.5061994791030884,0.44000762701034546,0.40036022663116455,0.36354535818099976,0.48502224683761597,0.4083099961280823,0.3635631799697876,0.3256809115409851,0.48240065574645996,0.41085004806518555,0.3682458996772766,0.33146193623542786,0.495093435049057,0.4399484097957611,0.4033871293067932,0.368894100189209,0.5333832502365112,0.5890550017356873,0.6405649185180664,0.6845988035202026,0.7196652293205261,0.6189213395118713,0.6428756713867188,0.6539774537086487,0.6623809337615967,0.5852149724960327,0.5982671976089478,0.605762243270874,0.610184907913208,0.5512955188751221,0.5548151135444641,0.5565990209579468,0.5581696033477783,0.5177531838417053,0.508685827255249,0.503633975982666,0.5009068846702576
0.6663639545440674,0.6554217338562012,0.6185554265975952,0.5863533020019531,0.5665773749351501,0.5055447816848755,0.43959856033325195,0.4003145694732666,0.3639291524887085,0.4853399991989136,0.4087509512901306,0.36380767822265625,0.3255266547203064,0.48374730348587036,0.4122799038887024,0.3704219162464142,0.33334967494010925,0.4972440302371979,0.44227612018585205,0.406379759311676,0.3715280294418335,0.5235310792922974,0.579806387424469,0.631951093673706,0.6773562431335449,0.7133337259292603,0.6069879531860352,0.6300123333930969,0.6404309272766113,0.6481765508651733,0.5733004808425903,0.5861225724220276,0.5938354730606079,0.5980939269065857,0.5392601490020752,0.5427882671356201,0.5452048182487488,0.5473568439483643,0.5056840181350708,0.4973117411136627,0.4914965033531189,0.48728808760643005
0.6701803207397461,0.6579035520553589,0.6183333396911621,0.5825997591018677,0.5646486282348633,0.5036808848381042,0.4373733401298523,0.39778682589530945,0.3611701726913452,0.4848076403141022,0.40785861015319824,0.36252909898757935,0.32410356402397156,0.483980268239975,0.41297101974487305,0.3702883720397949,0.33286648988723755,0.4982176423072815,0.4431992769241333,0.4081224203109741,0.37369734048843384,0.5092815160751343,0.5666799545288086,0.6177518367767334,0.6616785526275635,0.6977049112319946,0.5918617248535156,0.6128988862037659,0.6233090758323669,0.6307202577590942,0.5583943128585815,0.5694332122802734,0.576911211013794,0.5811052322387695,0.5240471363067627,0.5247558951377869,0.5255123972892761,0.5262397527694702,0.48969483375549316,0.48020339012145996,0.4736597537994385,0.46904459595680237
0.6708700656890869,0.6603556871414185,0.6220263242721558,0.5865472555160522,0.5673374533653259,0.5057495832443237,0.43854743242263794,0.398434042930603,0.3614848256111145,0.4865117073059082,0.4091359078884125,0.3635227382183075,0.32491934299468994,0.4856877326965332,0.413174033164978,0.37080174684524536,0.33358150720596313,0.5003949403762817,0.444945365190506,0.4089665114879608,0.3744671046733856,0.49992719292640686,0.5571280717849731,0.6078040599822998,0.6513743996620178,0.6870346069335938,0.5804232358932495,0.6008138060569763,0.6106206178665161,0.6180067658424377,0.5465132594108582,0.5574294328689575,0.5646688938140869,0.5691201686859131,0.5124123692512512,0.5151760578155518,0.5168197154998779,0.5185157656669617,0.47889649868011475,0.4696408212184906,0.4636806845664978,0.4594588279724121
0.6731806993484497,0.6616406440734863,0.6220309138298035,0.5835092663764954,0.5623829960823059,0.5052836537361145,0.4389325976371765,0.399623841047287,0.3629976511001587,0.4874671399593353,0.4115296006202698,0.36620664596557617,0.32749640941619873,0.48730239272117615,0.4161261320114136,0.3737056255340576,0.3369561433792114,0.5019474625587463,0.4471074938774109,0.4123826026916504,0.37846213579177856,0.481361448764801,0.5395150184631348,0.5907707214355469,0.6324567794799805,0.6648725867271423,0.562915563583374,0.5828639268875122,0.5921878218650818,0.5982211828231812,0.5293313264846802,0.5406001210212708,0.5465236902236938,0.5489028096199036,0.49489790201187134,0.4961298108100891,0.4955633282661438,0.49464914202690125,0.4599722921848297,0.4502324163913727,0.44357025623321533,0.438788503408432
0.6787428259849548,0.6653392314910889,0.6236335039138794,0.5856064558029175,0.5649288296699524,0.5069631338119507,0.4390542209148407,0.3990238606929779,0.362652063369751,0.48985806107521057,0.41319602727890015,0.36711031198501587,0.3292993903160095,0.4904452860355377,0.4191915988922119,0.3758600950241089,0.3397080898284912,0.5060428977012634,0.45120882987976074,0.4158334732055664,0.382046103477478,0.46353834867477417,0.521889865398407,0.573074221611023,0.613002359867096,0.6439975500106812,0.543713390827179,0.5628027319908142,0.5720089077949524,0.5782002210617065,0.5098031163215637,0.5197981595993042,0.525584876537323,0.5281831622123718,0.4756488502025604,0.4753628373146057,0.4753609299659729,0.47509124875068665,0.4411895275115967,0.43031007051467896,0.4232724606990814,0.41854655742645264
0.6834802031517029,0.6689107418060303,0.6248148083686829,0.5858696699142456,0.5663039088249207,0.512840211391449,0.44466009736061096,0.4041936993598938,0.3678025007247925,0.4953062832355499,0.4155661463737488,0.36970990896224976,0.33248934149742126,0.495996356010437,0.4226032793521881,0.3790144622325897,0.3424263000488281,0.5124645233154297,0.4566473960876465,0.4208889603614807,0.38621747493743896,0.446128249168396,0.504682183265686,0.5544672012329102,0.5949310660362244,0.6261430978775024,0.5232234001159668,0.5436675548553467,0.5528899431228638,0.5588148832321167,0.48939067125320435,0.49985408782958984,0.5062503218650818,0.5091238021850586,0.45557543635368347,0.45530927181243896,0.4557240605354309,0.4556295573711395,0.4217138886451721,0.4100363552570343,0.40289294719696045,0.3980572819709778
0.688390851020813,0.6706203818321228,0.6234549880027771,0.583091139793396,0.5620763301849365,0.5115786194801331,0.4422372579574585,0.4016217589378357,0.3651590049266815,0.4962298274040222,0.417245090007782,0.37151259183883667,0.33383435010910034,0.49875587224960327,0.42587703466415405,0.38214075565338135,0.34498131275177,0.5164911150932312,0.4608140289783478,0.4252570867538452,0.3908020257949829,0.4290303587913513,0.48761793971061707,0.5367013216018677,0.5770691633224487,0.6092847585678101,0.5037045478820801,0.5217220187187195,0.530777633190155,0.5367658138275146,0.4696391224861145,0.4790063202381134,0.48506325483322144,0.4871622323989868,0.43561527132987976,0.43464577198028564,0.43469253182411194,0.43405479192733765,0.4015665650367737,0.389468252658844,0.3818559944629669,0.3759978711605072
0.6911563873291016,0.6702131628990173,0.6191175580024719,0.5779302716255188,0.5561598539352417,0.509449303150177,0.4399603009223938,0.40009868144989014,0.36384153366088867,0.4954449236392975,0.4174689054489136,0.37165918946266174,0.333182156085968,0.4993222951889038,0.42665278911590576,0.38296300172805786,0.34641993045806885,0.5184752941131592,0.46468058228492737,0.42909419536590576,0.3951840400695801,0.4085516333580017,0.46666425466537476,0.5148409008979797,0.5549667477607727,0.5887278914451599,0.4783972203731537,0.49596288800239563,0.5067043304443359,0.5143901109695435,0.4440785050392151,0.4524553716182709,0.45886537432670593,0.4616040885448456,0.40998318791389465,0.40781840682029724,0.40762293338775635,0.4068280756473541,0.3766236901283264,0.3629717230796814,0.3546574115753174,0.3480452299118042
0.6896138787269592,0.6665439605712891,0.616866409778595,0.5724192261695862,0.5467272996902466,0.5072439908981323,0.4358784258365631,0.3936566114425659,0.3550014793872833,0.4944254159927368,0.41536280512809753,0.3682699203491211,0.3291935920715332,0.4992882013320923,0.427444189786911,0.3839344084262848,0.3485780358314514,0.5188646912574768,0.4658806025981903,0.4315847158432007,0.4000536799430847,0.3846696615219116,0.4439240097999573,0.4900524318218231,0.5266544818878174,0.5587395429611206,0.4508834779262543,0.4663507342338562,0.4743214249610901,0.4790976941585541,0.41466647386550903,0.42125561833381653,0.4257427155971527,0.42737969756126404,0.37944114208221436,0.37689176201820374,0.3753986060619354,0.3736180067062378,0.34536024928092957,0.33196118474006653,0.32369938492774963,0.317550390958786
0.6911454796791077,0.6622529029846191,0.609757661819458,0.5654808282852173,0.5394794940948486,0.5047564506530762,0.4320332407951355,0.3878219723701477,0.3476276397705078,0.4927934408187866,0.41239994764328003,0.36410361528396606,0.32497692108154297,0.49988219141960144,0.4275045394897461,0.38460227847099304,0.3498341143131256,0.5232298970222473,0.4731568694114685,0.4418485164642334,0.41262874007225037,0.35762858390808105,0.4127616286277771,0.45872020721435547,0.49436235427856445,0.5245003700256348,0.41862067580223083,0.4319745600223541,0.43754637241363525,0.43996402621269226,0.38127684593200684,0.38446900248527527,0.38625210523605347,0.3855813145637512,0.3460342288017273,0.33740219473838806,0.3315940499305725,0.3262506127357483,0.31275540590286255,0.2948991656303406,0.28280109167099,0.27329516410827637
0.6918767094612122,0.663010835647583,0.6098835468292236,0.5611175298690796,0.5295206308364868,0.5051283836364746,0.4310414493083954,0.3879122734069824,0.3476543426513672,0.4942336082458496,0.41322413086891174,0.36561793088912964,0.325194776058197,0.5035731196403503,0.4326934218406677,0.3891087770462036,0.3522239625453949,0.5295401811599731,0.4799549877643585,0.44828230142593384,0.4175072908401489,0.34602850675582886,0.40002474188804626,0.4424729347229004,0.4776197075843811,0.5069589018821716,0.39974260330200195,0.41166865825653076,0.4161156415939331,0.41748520731925964,0.3626593351364136,0.36582210659980774,0.3674100935459137,0.3653913736343384,0.3277641236782074,0.3157721161842346,0.3081896901130676,0.30046430230140686,0.2954239547252655,0.2723489999771118,0.2572810649871826,0.24377478659152985
0.699920117855072,0.6657112240791321,0.6084305644035339,0.5585609674453735,0.5285970568656921,0.5078920125961304,0.433036744594574,0.3891559839248657,0.34875303506851196,0.50054931640625,0.4193536639213562,0.3697682023048401,0.329227089881897,0.514708936214447,0.44257283210754395,0.39906615018844604,0.3621172308921814,0.546369194984436,0.49850016832351685,0.4697246253490448,0.4407496750354767,0.32446616888046265,0.37808582186698914,0.41830939054489136,0.45209836959838867,0.48055142164230347,0.3716535270214081,0.37846580147743225,0.38093891739845276,0.38047465682029724,0.3332713842391968,0.3303149342536926,0.32849425077438354,0.3242555558681488,0.2983471751213074,0.27792033553123474,0.26390913128852844,0.25220319628715515,0.26711878180503845,0.23890367150306702,0.21944591403007507,0.20405630767345428
0.7157796621322632,0.678731381893158,0.6204826831817627,0.5691545009613037,0.5365293025970459,0.5217095017433167,0.4449978470802307,0.40033483505249023,0.3593593239784241,0.51570063829422,0.4328992962837219,0.38235554099082947,0.3406093716621399,0.5313082337379456,0.4602738618850708,0.41792911291122437,0.3804919421672821,0.5651077032089233,0.5228490829467773,0.4966840445995331,0.4697287976741791,0.3074151575565338,0.36140453815460205,0.40161317586898804,0.43355342745780945,0.4581412076950073,0.3474092483520508,0.3525081276893616,0.35327500104904175,0.3505501449108124,0.3095542788505554,0.3053731620311737,0.3019416928291321,0.29582086205482483,0.2753174901008606,0.25166958570480347,0.23572808504104614,0.22223037481307983,0.24489527940750122,0.21140743792057037,0.18858855962753296,0.169882133603096
0.73506760597229,0.6961721181869507,0.6388080716133118,0.5886103510856628,0.5561249256134033,0.5391258001327515,0.4622501730918884,0.41823869943618774,0.3770902156829834,0.5330342054367065,0.4487066864967346,0.39900195598602295,0.35698139667510986,0.5480013489723206,0.47695547342300415,0.43371185660362244,0.39499861001968384,0.580716073513031,0.5364282131195068,0.5079455375671387,0.47873541712760925,0.2867402732372284,0.3394343852996826,0.37814193964004517,0.4107922911643982,0.437256395816803,0.3260069191455841,0.3316565752029419,0.3319215774536133,0.32872796058654785,0.2890268564224243,0.2854459285736084,0.2820180058479309,0.27572646737098694,0.25480401515960693,0.23102909326553345,0.2159440517425537,0.20274348556995392,0.22392737865447998,0.19146396219730377,0.17024430632591248,0.15189695358276367
0.7528719305992126,0.7149243354797363,0.658334493637085,0.60719233751297,0.5741735100746155,0.55521160364151,0.4777361750602722,0.43258967995643616,0.3921492099761963,0.5496520400047302,0.46358171105384827,0.4116034209728241,0.3691484332084656,0.566153883934021,0.4930081367492676,0.44772452116012573,0.4099214971065521,0.6013542413711548,0.5589250326156616,0.5314621925354004,0.5047595500946045,0.2670363187789917,0.31833288073539734,0.35440319776535034,0.3850010931491852,0.41054150462150574,0.3049466907978058,0.308066189289093,0.30657631158828735,0.3017628788948059,0.26736658811569214,0.26240089535713196,0.25755271315574646,0.25083985924720764,0.23279570043087006,0.21089574694633484,0.19588011503219604,0.1828557252883911,0.2012104094028473,0.16782084107398987,0.14506898820400238,0.12547330558300018
0.7857543230056763,0.7469609975814819,0.6858649849891663,0.6332426071166992,0.5970118641853333,0.5861125588417053,0.5084711909294128,0.4626626968383789,0.4209686517715454,0.5812031626701355,0.49706706404685974,0.4445343315601349,0.3994319438934326,0.5978690385818481,0.5260664820671082,0.48475462198257446,0.4483434557914734,0.6328510642051697,0.5884337425231934,0.5628177523612976,0.537136435508728,0.2505025267601013,0.30169209837913513,0.3383015990257263,0.3670058250427246,0.39134249091148376,0.2839866578578949,0.2843852937221527,0.2819584608078003,0.2766372263431549,0.2455049455165863,0.23877903819084167,0.23378723859786987,0.2268179953098297,0.2107158601284027,0.18688690662384033,0.170835942029953,0.15662924945354462,0.1801946461200714,0.14585533738136292,0.12158253788948059,0.10005868971347809
0.845924973487854,0.8126784563064575,0.7567800283432007,0.7083244323730469,0.6750687956809998,0.6456791758537292,0.5671402215957642,0.5190917253494263,0.4754886031150818,0.6378616094589233,0.547100841999054,0.4931788444519043,0.44705814123153687,0.6522451043128967,0.5742406249046326,0.5290454030036926,0.48912447690963745,0.6851699948310852,0.6356903314590454,0.6080625057220459,0.5807989239692688,0.2438381016254425,0.29327768087387085,0.331643283367157,0.36185139417648315,0.3879743218421936,0.2819315493106842,0.28432077169418335,0.2814231812953949,0.27593934535980225,0.24289122223854065,0.23705729842185974,0.23194687068462372,0.22506417334079742,0.2074441909790039,0.18691614270210266,0.17126235365867615,0.15753617882728577,0.17505231499671936,0.14277289807796478,0.12013819813728333,0.10031767189502716
0.9028741121292114,0.8784825801849365,0.83316570520401,0.7899104952812195,0.7580004334449768,0.7146546244621277,0.635648787021637,0.5876045227050781,0.5425675511360168,0.7046647071838379,0.6097344756126404,0.5537844300270081,0.5059881806373596,0.7185943126678467,0.634499728679657,0.5851690769195557,0.5423785448074341,0.7509716153144836,0.6988719701766968,0.6690937876701355,0.6405114531517029,0.2503981590270996,0.30181172490119934,0.3451770842075348,0.37687405943870544,0.40413743257522583,0.29369521141052246,0.2969369888305664,0.2957403361797333,0.2922077775001526,0.25374215841293335,0.2479347586631775,0.2432975471019745,0.23682674765586853,0.21647457778453827,0.1966269612312317,0.18056848645210266,0.1662244349718094,0.1829081028699875,0.14889129996299744,0.12503091990947723,0.1042591780424118
0.9484244585037231,0.9195528030395508,0.8713473081588745,0.8307332396507263,0.7997381091117859,0.750093936920166,0.6740114688873291,0.6254894733428955,0.5791760683059692,0.7374703884124756,0.6484903693199158,0.5924853682518005,0.5430158376693726,0.7493430972099304,0.6675766110420227,0.6183294653892517,0.572962760925293,0.781140923500061,0.729077160358429,0.6986829042434692,0.6684321761131287,0.2529972195625305,0.30600255727767944,0.35242077708244324,0.3860028088092804,0.41506344079971313,0.2990999221801758,0.30381008982658386,0.30356496572494507,0.3013722002506256,0.25887537002563477,0.25513938069343567,0.2514094412326813,0.2454894781112671,0.22150567173957825,0.20340147614479065,0.189171701669693,0.17623716592788696,0.18834805488586426,0.15694668889045715,0.13359762728214264,0.112824946641922
0.9904268383979797,0.9648234248161316,0.9159879088401794,0.8760104179382324,0.8514330387115479,0.8022167682647705,0.7240256667137146,0.6754022240638733,0.6308702230453491,0.7898791432380676,0.6982767581939697,0.6407538056373596,0.5918920040130615,0.8011366724967957,0.7143704295158386,0.6620491743087769,0.6161805987358093,0.8320100903511047,0.7757539749145508,0.7409233450889587,0.7072071433067322,0.27202171087265015,0.32555991411209106,0.3729996979236603,0.4082677960395813,0.43965527415275574,0.32117629051208496,0.3279634714126587,0.3292692005634308,0.32732486724853516,0.2802527844905853,0.2773863673210144,0.27262741327285767,0.26524126529693604,0.24253123998641968,0.2255481481552124,0.2109580636024475,0.19821292161941528,0.2085934281349182,0.17673319578170776,0.15334424376487732,0.13390584290027618
1.0161515474319458,0.9882305860519409,0.9411076307296753,0.9032740592956543,0.8828697204589844,0.824104905128479,0.7441267967224121,0.6972963809967041,0.6536570191383362,0.8129839301109314,0.7213470935821533,0.6641029119491577,0.6142226457595825,0.8264619708061218,0.7384450435638428,0.6871690154075623,0.6415801048278809,0.8596811294555664,0.8004068732261658,0.764561653137207,0.7291790246963501,0.30095478892326355,0.3548976182937622,0.40320199728012085,0.4410068392753601,0.47666454315185547,0.34991031885147095,0.35849320888519287,0.3609685003757477,0.360345721244812,0.3086634576320648,0.3054214119911194,0.3003789186477661,0.2931668162345886,0.27069371938705444,0.2527230381965637,0.23754437267780304,0.22448685765266418,0.23602409660816193,0.2028738409280777,0.1799800544977188,0.1611308604478836
1.0126885175704956,0.9888762831687927,0.9472407698631287,0.9124288558959961,0.8899908661842346,0.8328368663787842,0.7539348602294922,0.7080234885215759,0.6649423241615295,0.8196913003921509,0.728740930557251,0.6737587451934814,0.6259843111038208,0.8315884470939636,0.7468517422676086,0.6954976916313171,0.6501410603523254,0.8630808591842651,0.804859459400177,0.7679494619369507,0.7322639226913452,0.3396635949611664,0.39252740144729614,0.44058868288993835,0.48132815957069397,0.5180053114891052,0.3903658390045166,0.4027087092399597,0.4077502489089966,0.40933871269226074,0.3479347825050354,0.3475594222545624,0.3467802405357361,0.3425392508506775,0.30795344710350037,0.29368215799331665,0.28202226758003235,0.27028921246528625,0.2712875306606293,0.24311700463294983,0.2230128049850464,0.20398789644241333
0.9987457990646362,0.9758468866348267,0.9309256672859192,0.8975350260734558,0.8756755590438843,0.8190922141075134,0.7411160469055176,0.695071280002594,0.6518361568450928,0.804327666759491,0.7106391787528992,0.6559973955154419,0.609785795211792,0.8140488266944885,0.7277334332466125,0.6771214008331299,0.6324407458305359,0.8420971632003784,0.7819738984107971,0.7459054589271545,0.7109941244125366,0.37551018595695496,0.4285407066345215,0.4791642427444458,0.5236015319824219,0.5631287097930908,0.43571293354034424,0.45363783836364746,0.46270790696144104,0.46813440322875977,0.3949650228023529,0.3984363377094269,0.4008275866508484,0.39902263879776,0.35546842217445374,0.3439304828643799,0.3339815139770508,0.3238961696624756,0.31812337040901184,0.29287925362586975,0.2742323577404022,0.2568265199661255
0.9613214731216431,0.9357845783233643,0.8864997625350952,0.849443793296814,0.825082004070282,0.7740780711174011,0.6970711946487427,0.649835467338562,0.606120765209198,0.7562973499298096,0.6638115644454956,0.6090965867042542,0.5590340495109558,0.7627165913581848,0.6771206259727478,0.6257445812225342,0.5765930414199829,0.7893059253692627,0.7284961938858032,0.6912636160850525,0.6530789136886597,0.39490148425102234,0.45406851172447205,0.5101906657218933,0.5565816164016724,0.5955243706703186,0.47116273641586304,0.49244603514671326,0.5033044219017029,0.5106768012046814,0.43241357803344727,0.43907561898231506,0.44385474920272827,0.44502270221710205,0.39410310983657837,0.38535577058792114,0.3780364990234375,0.3721195161342621,0.3566852807998657,0.3334217965602875,0.3168308734893799,0.303447425365448
0.900300145149231,0.8677720427513123,0.8183534741401672,0.7782881259918213,0.7571921348571777,0.7050734758377075,0.6337901949882507,0.5860090255737305,0.5409858226776123,0.6855320930480957,0.6000974774360657,0.5456802845001221,0.49563148617744446,0.6872432231903076,0.6083073616027832,0.5555986762046814,0.5077897906303406,0.7089977264404297,0.6483825445175171,0.6084510087966919,0.5696886777877808,0.41178402304649353,0.47851279377937317,0.5375987887382507,0.5814634561538696,0.6185972690582275,0.49624380469322205,0.5198560953140259,0.5319218039512634,0.5406619310379028,0.45736536383628845,0.4667298495769501,0.47268760204315186,0.4757392108440399,0.4196813702583313,0.4144003093242645,0.4098772704601288,0.40580472350120544,0.3844207227230072,0.3617292642593384,0.344728946685791,0.3301893174648285
0.8357994556427002,0.792275071144104,0.7326412796974182,0.6921468377113342,0.6729281544685364,0.6236672401428223,0.5525732636451721,0.5037428140640259,0.4589928686618805,0.6051363348960876,0.5225499868392944,0.4678281247615814,0.41799741983413696,0.6068118214607239,0.5287951231002808,0.4762060344219208,0.429067462682724,0.6281496286392212,0.5680428743362427,0.528297483921051,0.4909670948982239,0.42251694202423096,0.4924105703830719,0.5500926971435547,0.5954253077507019,0.6323627829551697,0.5109376907348633,0.5335986018180847,0.5456570386886597,0.5551483631134033,0.47188305854797363,0.4811342656612396,0.48749780654907227,0.49163562059402466,0.43411707878112793,0.4288095533847809,0.4238995909690857,0.42019447684288025,0.39866283535957336,0.3774538040161133,0.3626452684402466,0.35073766112327576
0.7593576312065125,0.7175717353820801,0.6577967405319214,0.6125714778900146,0.5869737267494202,0.5421494841575623,0.47154346108436584,0.42353355884552,0.3781513571739197,0.5236998200416565,0.44367772340774536,0.3903474807739258,0.3404214084148407,0.5259217023849487,0.45175158977508545,0.4016140103340149,0.3555072546005249,0.5487172603607178,0.49255111813545227,0.45336097478866577,0.4145318269729614,0.42457905411720276,0.4972444176673889,0.5556384325027466,0.5989233255386353,0.6360243558883667,0.5164878368377686,0.5388272404670715,0.5486189723014832,0.5558398365974426,0.4770880937576294,0.4858315885066986,0.4907309412956238,0.49358466267585754,0.4388638138771057,0.4341631829738617,0.4305669069290161,0.42771390080451965,0.4023858308792114,0.3820405900478363,0.36942753195762634,0.3598858714103699
0.6807724237442017,0.6385133266448975,0.5822349190711975,0.5362175107002258,0.5080652236938477,0.4744846820831299,0.40471383929252625,0.3581928610801697,0.31415268778800964,0.45719438791275024,0.3788110911846161,0.32880231738090515,0.2810843288898468,0.4591018855571747,0.3873361349105835,0.3395206928253174,0.295480340719223,0.47917991876602173,0.421311616897583,0.38152724504470825,0.3420427441596985,0.4303136467933655,0.49977368116378784,0.5555229783058167,0.5963118672370911,0.6291797161102295,0.5142577290534973,0.5373806953430176,0.5475795269012451,0.5548185706138611,0.4765304625034332,0.48730209469795227,0.4926925003528595,0.49606814980506897,0.4398414194583893,0.4354220926761627,0.4326760172843933,0.4308605194091797,0.40408724546432495,0.38528570532798767,0.3732442259788513,0.36386075615882874
0.6125293374061584,0.582116425037384,0.5320011377334595,0.4888942539691925,0.4612135887145996,0.41514378786087036,0.34762856364250183,0.30474406480789185,0.26439353823661804,0.39792701601982117,0.3221510350704193,0.2750839591026306,0.23106685280799866,0.3997289538383484,0.3300113081932068,0.2861258387565613,0.24475109577178955,0.41921842098236084,0.366219699382782,0.32972952723503113,0.29213058948516846,0.4376675486564636,0.5018395781517029,0.5560604929924011,0.5987144708633423,0.6315263509750366,0.5173779129981995,0.5380648970603943,0.5470302700996399,0.5536573529243469,0.4798526167869568,0.4883725345134735,0.49249503016471863,0.4948844909667969,0.4430748224258423,0.4372820258140564,0.4338141977787018,0.43189018964767456,0.4076537489891052,0.38863542675971985,0.376199334859848,0.3675399422645569
0.5606564879417419,0.5365939736366272,0.48856452107429504,0.4499952793121338,0.4268721342086792,0.3790172338485718,0.30956190824508667,0.2677072286605835,0.2290215641260147,0.36280614137649536,0.2824271321296692,0.23620210587978363,0.19703644514083862,0.36555981636047363,0.2911379933357239,0.24695344269275665,0.20809166133403778,0.3845159709453583,0.3281376361846924,0.29209011793136597,0.25582969188690186,0.4491133391857147,0.5091999769210815,0.5603411793708801,0.6019682884216309,0.6339315176010132,0.5260591506958008,0.5470637083053589,0.5571678876876831,0.5644123554229736,0.4881507158279419,0.4978955388069153,0.503234326839447,0.506275475025177,0.451151967048645,0.4459570646286011,0.4426376521587372,0.44076457619667053,0.415286660194397,0.3973778188228607,0.3845027983188629,0.37513071298599243
0.5314570069313049,0.5124282240867615,0.46626004576683044,0.42766544222831726,0.40332841873168945,0.35420823097229004,0.28454840183258057,0.24308544397354126,0.20696809887886047,0.3381165564060211,0.2584206461906433,0.21372415125370026,0.17835038900375366,0.33928775787353516,0.2677110731601715,0.22531186044216156,0.19037078320980072,0.35518157482147217,0.30070531368255615,0.2650194466114044,0.23083366453647614,0.4553801715373993,0.5166000127792358,0.5688105821609497,0.6109340190887451,0.6422708034515381,0.5356677770614624,0.5570661425590515,0.5672945976257324,0.5734531879425049,0.4989296495914459,0.5101233720779419,0.5163503885269165,0.5190732479095459,0.4629611372947693,0.4584238529205322,0.4565260112285614,0.4549989700317383,0.42669424414634705,0.40916264057159424,0.3978763818740845,0.3896562457084656
0.5192819237709045,0.5012103319168091,0.45563724637031555,0.41786161065101624,0.3941529393196106,0.348331093788147,0.27926695346832275,0.2381727397441864,0.20083320140838623,0.3307510018348694,0.2523593306541443,0.20710249245166779,0.16933342814445496,0.33119431138038635,0.25839436054229736,0.21532386541366577,0.17863380908966064,0.3467680811882019,0.29211485385894775,0.2551399767398834,0.22008468210697174,0.4620579183101654,0.5219117999076843,0.5731166005134583,0.6159094572067261,0.647605299949646,0.5423226952552795,0.5635437369346619,0.5739308595657349,0.5817109942436218,0.5060746669769287,0.5168525576591492,0.5235713124275208,0.5274873971939087,0.470428466796875,0.4659343361854553,0.4628039002418518,0.461014986038208,0.4349329471588135,0.4166014492511749,0.4047985076904297,0.3965975046157837
0.5064885020256042,0.4878058135509491,0.4438494145870209,0.4070513844490051,0.38464969396591187,0.3353380262851715,0.26850712299346924,0.22929832339286804,0.19341860711574554,0.3171248435974121,0.24076029658317566,0.19637714326381683,0.1598704606294632,0.3161771297454834,0.24423697590827942,0.20413127541542053,0.17102032899856567,0.3302823007106781,0.2769690155982971,0.2407616525888443,0.20661135017871857,0.47247210144996643,0.5329615473747253,0.5845968127250671,0.6278913021087646,0.660738468170166,0.5529666543006897,0.576665461063385,0.588827908039093,0.5978559851646423,0.518339216709137,0.5324559211730957,0.539949893951416,0.5439687967300415,0.4835692346096039,0.48043644428253174,0.4786672592163086,0.4775684177875519,0.44824862480163574,0.43094414472579956,0.4194701313972473,0.41100001335144043
0.4961087703704834,0.4826827943325043,0.4449435770511627,0.40958112478256226,0.38665392994880676,0.333840548992157,0.26773279905319214,0.22949044406414032,0.19486935436725616,0.31440818309783936,0.23744294047355652,0.19374915957450867,0.15867877006530762,0.3119906783103943,0.23966160416603088,0.19863837957382202,0.16600334644317627,0.32413193583488464,0.2707713842391968,0.23543184995651245,0.20271655917167664,0.4887573719024658,0.5497852563858032,0.6053466200828552,0.6473757028579712,0.6778643727302551,0.573650062084198,0.5975707173347473,0.6104963421821594,0.6205275058746338,0.5380001664161682,0.5512006282806396,0.5597158074378967,0.5651013851165771,0.5028287768363953,0.5003129839897156,0.49849578738212585,0.4979703426361084,0.46755218505859375,0.4517650604248047,0.4421330392360687,0.4361303448677063
0.5016306042671204,0.4908345937728882,0.45421114563941956,0.42165133357048035,0.4058866798877716,0.34465423226356506,0.2811278998851776,0.24440467357635498,0.21036933362483978,0.32304129004478455,0.24807283282279968,0.2043820023536682,0.16909241676330566,0.3182907998561859,0.2471213936805725,0.2051580548286438,0.17259247601032257,0.3277629315853119,0.27261480689048767,0.237177774310112,0.20568501949310303,0.5078104138374329,0.5689563751220703,0.6249558329582214,0.6686792373657227,0.7007763981819153,0.5975688099861145,0.6234379410743713,0.6375839710235596,0.6488105058670044,0.5637266635894775,0.5783206224441528,0.5880773067474365,0.5940966606140137,0.5291926860809326,0.5303647518157959,0.5296337604522705,0.5287681818008423,0.49372804164886475,0.4797951877117157,0.4719589948654175,0.46678876876831055
0.5096213817596436,0.4993129372596741,0.46512722969055176,0.4345378875732422,0.4167993366718292,0.35285043716430664,0.29000547528266907,0.2537913918495178,0.22082503139972687,0.3304118812084198,0.25465354323387146,0.21196278929710388,0.17843782901763916,0.32478153705596924,0.25306713581085205,0.21162869036197662,0.17866075038909912,0.3339462876319885,0.2785313129425049,0.2420375943183899,0.20962144434452057,0.5220983624458313,0.5830701589584351,0.6394374370574951,0.6822205185890198,0.7140690088272095,0.6104227304458618,0.6373145580291748,0.6518303751945496,0.6631298065185547,0.5774397850036621,0.5942289233207703,0.6044971942901611,0.6105480790138245,0.5440199971199036,0.5446290969848633,0.5455268025398254,0.5469753742218018,0.5097439885139465,0.49598753452301025,0.4878033697605133,0.4827599823474884
0.5213498473167419,0.5148926377296448,0.48915719985961914,0.463222861289978,0.4444085955619812,0.3766750991344452,0.3168635964393616,0.28298720717430115,0.25084638595581055,0.3522202670574188,0.2796509265899658,0.23770299553871155,0.20304688811302185,0.3446117341518402,0.27442309260368347,0.2317759096622467,0.1975073367357254,0.3506428301334381,0.29488906264305115,0.2583167850971222,0.225810706615448,0.5414903163909912,0.599986732006073,0.6544002294540405,0.6998074650764465,0.7316466569900513,0.6320858001708984,0.6616396903991699,0.6767922639846802,0.6882172226905823,0.6002417206764221,0.6186323761940002,0.6297445297241211,0.636894941329956,0.5666451454162598,0.5712303519248962,0.5729976892471313,0.5750585794448853,0.5325004458427429,0.5211963653564453,0.5142015814781189,0.5105421543121338
0.551023006439209,0.5434377789497375,0.5145455598831177,0.4895678162574768,0.47270649671554565,0.4030182659626007,0.34360456466674805,0.3090844750404358,0.27653154730796814,0.3782355785369873,0.30435991287231445,0.2633894681930542,0.22953097522258759,0.37087756395339966,0.29884231090545654,0.25583750009536743,0.21991334855556488,0.37811726331710815,0.3201718032360077,0.28257322311401367,0.24816104769706726,0.5563458204269409,0.6136731505393982,0.6679120659828186,0.7122573852539062,0.7441834807395935,0.6479088664054871,0.6766695976257324,0.6912821531295776,0.7024317383766174,0.6165620684623718,0.6335840225219727,0.6438100934028625,0.650249183177948,0.5834438800811768,0.5866726636886597,0.5877366662025452,0.5892714262008667,0.549994170665741,0.5380188226699829,0.5310310125350952,0.5280700922012329
0.5873093008995056,0.5823090076446533,0.5502638220787048,0.5258622169494629,0.5121134519577026,0.435420423746109,0.37665295600891113,0.34240272641181946,0.31034430861473083,0.4103170931339264,0.33597415685653687,0.29448890686035156,0.2613151967525482,0.40268728137016296,0.32830649614334106,0.28660327196121216,0.2519415616989136,0.41009509563446045,0.35071858763694763,0.3126215934753418,0.2772219777107239,0.5552563667297363,0.6124169230461121,0.6667633056640625,0.7119210958480835,0.7450634241104126,0.6482507586479187,0.6777645945549011,0.6937015652656555,0.706083357334137,0.6171965599060059,0.6352748870849609,0.6470538377761841,0.6549310088157654,0.5844467878341675,0.5880475640296936,0.5922606587409973,0.5968729853630066,0.5517097115516663,0.5421135425567627,0.5358925461769104,0.5333811044692993
0.623661994934082,0.6195353865623474,0.5901564955711365,0.5643731355667114,0.5494186878204346,0.4706578850746155,0.4119455814361572,0.37742817401885986,0.34509673714637756,0.44551849365234375,0.3694254755973816,0.3274562358856201,0.29210084676742554,0.43829071521759033,0.3635370135307312,0.3222193717956543,0.28616034984588623,0.4463673233985901,0.3859240412712097,0.3483554720878601,0.3126082122325897,0.545839786529541,0.605614423751831,0.6599421501159668,0.7029573321342468,0.7362850904464722,0.641914427280426,0.6724609732627869,0.6883718967437744,0.700376033782959,0.6103909015655518,0.6288074254989624,0.6407546997070312,0.6490567326545715,0.5774080157279968,0.5808528661727905,0.5852195024490356,0.590492844581604,0.5446187257766724,0.5356598496437073,0.5303093791007996,0.5286216139793396
0.6422834396362305,0.6406630873680115,0.6115082502365112,0.5829305648803711,0.568651556968689,0.4922591745853424,0.43158289790153503,0.39613914489746094,0.3628261387348175,0.46648532152175903,0.39097195863723755,0.3460809588432312,0.30853554606437683,0.45854324102401733,0.38366174697875977,0.3401648998260498,0.30269336700439453,0.46610525250434875,0.40701940655708313,0.3688609004020691,0.33239489793777466,0.5222256183624268,0.5820042490959167,0.6364414095878601,0.6818637847900391,0.7198486328125,0.6193402409553528,0.6508100032806396,0.6668597459793091,0.679527997970581,0.5875434279441833,0.6078463792800903,0.6198724508285522,0.6282389163970947,0.5538915991783142,0.5610651969909668,0.5658877491950989,0.5709036588668823,0.5191254615783691,0.5115964412689209,0.5056880116462708,0.5023894309997559
0.6473367810249329,0.6439175605773926,0.6104477047920227,0.5779173970222473,0.5635597109794617,0.48742473125457764,0.4232516586780548,0.3858926296234131,0.35153281688690186,0.46378135681152344,0.38499197363853455,0.33787426352500916,0.2991270422935486,0.4585721492767334,0.38147854804992676,0.33635300397872925,0.29870423674583435,0.4695879817008972,0.4104999899864197,0.3729091286659241,0.33710354566574097,0.48968738317489624,0.552524745464325,0.6104942560195923,0.6550089120864868,0.6887955665588379,0.5852193236351013,0.6120160818099976,0.6287108659744263,0.6421629190444946,0.5512710809707642,0.5681186318397522,0.5806388854980469,0.5902009606361389,0.5156738758087158,0.5221253037452698,0.5255036354064941,0.529089093208313,0.4791055917739868,0.4713435769081116,0.4654695987701416,0.46275436878204346
